,Portfolio,AGG,BIL,DBC,GLD,LQD,QUAL,SPY,TIP,VLUE,VNQ,m:regime,m:neg_real,m:selected,m:ex_ante_vol,m:realized_vol_ann_proxy,m:target_vol,m:cash_w,m:turnover,m:net_r
2005-02-28,-0.00100000,0.00000000,1.00000000,0.00000000,0.00000000,0.00000000,0.00000000,0.00000000,0.00000000,0.00000000,0.00000000,RY-POS,True,,0.00000000,,0.10000000,1.00000000,1.00000000,-0.00100000
2005-03-31,0.00000000,0.00000000,1.00000000,0.00000000,0.00000000,0.00000000,0.00000000,0.00000000,0.00000000,0.00000000,0.00000000,RY-POS,True,,0.00000000,,0.10000000,1.00000000,0.00000000,0.00000000
2005-04-30,0.00000000,0.00000000,1.00000000,0.00000000,0.00000000,0.00000000,0.00000000,0.00000000,0.00000000,0.00000000,0.00000000,RY-POS,True,,0.00000000,,0.10000000,1.00000000,0.00000000,0.00000000
2005-05-31,0.00000000,0.00000000,1.00000000,0.00000000,0.00000000,0.00000000,0.00000000,0.00000000,0.00000000,0.00000000,0.00000000,RY-POS,True,,0.00000000,,0.10000000,1.00000000,0.00000000,0.00000000
2005-06-30,0.00000000,0.00000000,1.00000000,0.00000000,0.00000000,0.00000000,0.00000000,0.00000000,0.00000000,0.00000000,0.00000000,RY-POS,True,,0.00000000,,0.10000000,1.00000000,0.00000000,0.00000000
2005-07-31,0.00000000,0.00000000,1.00000000,0.00000000,0.00000000,0.00000000,0.00000000,0.00000000,0.00000000,0.00000000,0.00000000,RY-POS,True,,0.00000000,,0.10000000,1.00000000,0.00000000,0.00000000
2005-08-31,-0.02696045,0.00000000,0.00000000,0.00000000,0.00000000,0.00000000,0.00000000,0.50000000,0.00000000,0.00000000,0.50000000,RY-POS,True,"VNQ,SPY",0.08205662,0.00141421,0.18000000,0.00000000,2.00000000,-0.02696045
2005-09-30,0.01069602,0.00000000,0.00000000,0.00000000,0.00000000,0.00000000,0.00000000,0.50000000,0.00000000,0.00000000,0.50000000,RY-POS,True,"VNQ,SPY",0.09808210,0.03510505,0.18000000,0.00000000,0.00000000,0.01069602
2005-10-31,-0.01860407,0.00000000,0.00000000,0.00000000,0.50000000,0.00000000,0.00000000,0.00000000,0.00000000,0.00000000,0.50000000,RY-POS,True,"VNQ,GLD",0.08863224,0.03714866,0.18000000,0.00000000,1.00000000,-0.01860407
2005-11-30,0.04987499,0.00000000,0.00000000,0.00000000,0.50000000,0.00000000,0.00000000,0.00000000,0.00000000,0.00000000,0.50000000,RY-POS,True,"VNQ,GLD",0.09305663,0.03959985,0.18000000,0.00000000,0.00000000,0.04987499
2005-12-31,0.02537581,0.00000000,0.00000000,0.00000000,0.50000000,0.00000000,0.00000000,0.00000000,0.00000000,0.00000000,0.50000000,RY-POS,True,"VNQ,GLD",0.09572360,0.06982147,0.18000000,0.00000000,0.00000000,0.02537581
2006-01-31,0.08732472,0.00000000,0.00000000,0.00000000,0.50000000,0.00000000,0.00000000,0.00000000,0.00000000,0.00000000,0.50000000,RY-POS,True,"VNQ,GLD",0.09110139,0.07081382,0.18000000,0.00000000,0.00000000,0.08732472
2006-02-28,0.00373401,0.00000000,0.00000000,0.00000000,0.50000000,0.00000000,0.00000000,0.00000000,0.00000000,0.00000000,0.50000000,RY-POS,True,"GLD,VNQ",0.11048018,0.10757262,0.17809932,0.00000000,0.00000000,0.00373401
2006-03-31,0.04167770,0.00000000,0.00000000,0.00000000,0.50000000,0.00000000,0.00000000,0.00000000,0.00000000,0.00000000,0.50000000,RY-POS,True,"VNQ,GLD",0.11211605,0.10712091,0.17632344,0.00000000,0.00000000,0.04167770
2006-04-30,0.04314959,0.00000000,0.00000000,0.00000000,0.50000000,0.00000000,0.00000000,0.00000000,0.00000000,0.00000000,0.50000000,RY-POS,True,"VNQ,GLD",0.10484954,0.11052552,0.17380470,0.00000000,0.00000000,0.04314959
2006-05-31,-0.02009503,0.00000000,0.00000000,0.00000000,0.50000000,0.00000000,0.00000000,0.00000000,0.00000000,0.00000000,0.50000000,RY-POS,True,"GLD,VNQ",0.10581157,0.11278119,0.17085018,0.00000000,0.00000000,-0.02009503
2006-06-30,0.00145153,0.00000000,0.00000000,0.00000000,0.50000000,0.00000000,0.00000000,0.00000000,0.00000000,0.00000000,0.50000000,RY-POS,True,"GLD,VNQ",0.11272547,0.11795581,0.16694903,0.00000000,0.00000000,0.00145153
2006-07-31,0.03521711,0.00000000,0.00000000,0.00000000,0.50000000,0.00000000,0.00000000,0.00000000,0.00000000,0.00000000,0.50000000,RY-POS,True,"GLD,VNQ",0.11343779,0.11774510,0.16317496,0.00000000,0.00000000,0.03521711
2006-08-31,0.01053441,0.00000000,0.00000000,0.00000000,0.50000000,0.00000000,0.00000000,0.00000000,0.00000000,0.00000000,0.50000000,RY-POS,True,"GLD,VNQ",0.11399525,0.11763817,0.15950509,0.00000000,0.00000000,0.01053441
2006-09-30,0.01865901,0.00000000,0.00000000,0.00000000,0.00000000,0.00000000,0.00000000,0.00000000,0.00000000,0.00000000,1.00000000,RY-POS,True,VNQ,0.12205624,0.10701266,0.15793721,0.00000000,1.00000000,0.01865901
2006-10-31,0.06027763,0.00000000,0.00000000,0.00000000,0.00000000,0.00000000,0.00000000,0.00000000,0.00000000,0.00000000,1.00000000,RY-POS,True,VNQ,0.12189272,0.10634637,0.15652344,0.00000000,0.00000000,0.06027763
2006-11-30,0.05735165,0.00000000,0.00000000,0.00000000,0.50000000,0.00000000,0.00000000,0.00000000,0.00000000,0.00000000,0.50000000,RY-POS,True,"VNQ,GLD",0.10459608,0.10167891,0.15613577,0.00000000,1.00000000,0.05735165
2006-12-31,-0.01837566,0.00000000,0.00000000,0.00000000,0.50000000,0.00000000,0.00000000,0.00000000,0.00000000,0.00000000,0.50000000,RY-POS,True,"VNQ,GLD",0.10709382,0.10354973,0.15533291,0.00000000,0.00000000,-0.01837566
2007-01-31,0.05671069,0.00000000,0.00000000,0.00000000,0.50000000,0.00000000,0.00000000,0.00000000,0.00000000,0.00000000,0.50000000,RY-POS,True,"VNQ,GLD",0.11589283,0.11452165,0.15237841,0.00000000,0.00000000,0.05671069
2007-02-28,-0.02429981,0.00000000,0.00000000,0.00000000,0.00000000,0.00000000,0.00000000,0.50000000,0.00000000,0.00000000,0.50000000,RY-POS,True,"VNQ,SPY",0.08072675,0.10002932,0.15237171,0.00000000,1.00000000,-0.02429981
2007-03-31,-0.01694029,0.00000000,0.00000000,0.00000000,0.50000000,0.00000000,0.00000000,0.00000000,0.00000000,0.00000000,0.50000000,RY-POS,True,"VNQ,GLD",0.10098164,0.10974064,0.15034302,0.00000000,1.00000000,-0.01694029
2007-04-30,0.00963779,0.00000000,0.00000000,0.00000000,0.50000000,0.00000000,0.00000000,0.00000000,0.00000000,0.00000000,0.50000000,RY-POS,True,"VNQ,GLD",0.10346321,0.11377110,0.14761335,0.00000000,0.00000000,0.00963779
2007-05-31,0.01406711,0.00000000,0.00000000,0.00000000,0.00000000,0.00000000,0.00000000,0.50000000,0.00000000,0.00000000,0.50000000,RY-POS,True,"VNQ,SPY",0.08821550,0.11023949,0.14555671,0.00000000,1.00000000,0.01406711
2007-06-30,-0.01562112,0.00000000,0.00000000,0.00000000,0.00000000,0.00000000,0.00000000,1.00000000,0.00000000,0.00000000,0.00000000,RY-POS,True,SPY,0.05838245,0.10375587,0.14476636,0.00000000,1.00000000,-0.01562112
2007-07-31,-0.03130976,0.00000000,0.00000000,0.00000000,0.00000000,0.00000000,0.00000000,1.00000000,0.00000000,0.00000000,0.00000000,RY-NEG,True,SPY,0.06521010,0.10787414,0.14318130,0.00000000,0.00000000,-0.03130976
2007-08-31,0.01181300,0.50000000,0.00000000,0.00000000,0.00000000,0.00000000,0.00000000,0.50000000,0.00000000,0.00000000,0.00000000,RY-NEG,True,"SPY,AGG",0.04000356,0.11495854,0.14038666,0.00000000,1.00000000,0.01181300
2007-09-30,0.07089799,0.00000000,0.00000000,0.00000000,0.50000000,0.00000000,0.00000000,0.50000000,0.00000000,0.00000000,0.00000000,RY-POS,True,"SPY,GLD",0.06215207,0.11497143,0.13764452,0.00000000,1.00000000,0.07089799
2007-10-31,0.07626871,0.00000000,0.00000000,0.50000000,0.50000000,0.00000000,0.00000000,0.00000000,0.00000000,0.00000000,0.00000000,RY-POS,True,"GLD,DBC",0.12258086,0.13005978,0.13287260,0.00000000,1.00000000,0.07626871
2007-11-30,-0.01053824,0.00000000,0.06329542,0.46835229,0.46835229,0.00000000,0.00000000,0.00000000,0.00000000,0.00000000,0.00000000,RY-NEG,True,"GLD,DBC",0.13610509,0.13699568,0.12749026,0.06329542,0.12659085,-0.01053824
2007-12-31,0.06295584,0.00000000,0.05892707,0.47053647,0.47053647,0.00000000,0.00000000,0.00000000,0.00000000,0.00000000,0.00000000,RY-NEG,True,"DBC,GLD",0.13063366,0.13126116,0.12293580,0.05892707,0.00873671,0.06295584
2008-01-31,0.06137032,0.00000000,0.11265274,0.44367363,0.44367363,0.00000000,0.00000000,0.00000000,0.00000000,0.00000000,0.00000000,RY-NEG,True,"DBC,GLD",0.13292818,0.13702140,0.11795345,0.11265274,0.10745135,0.06137032
2008-02-29,0.06742434,0.00000000,0.17845656,0.41077172,0.41077172,0.00000000,0.00000000,0.00000000,0.00000000,0.00000000,0.00000000,RY-NEG,True,"GLD,DBC",0.13758137,0.13856622,0.11302907,0.17845656,0.13160765,0.06742434
2008-03-31,-0.02496421,0.00000000,0.26490371,0.36754815,0.36754815,0.00000000,0.00000000,0.00000000,0.00000000,0.00000000,0.00000000,RY-NEG,True,"DBC,GLD",0.14730858,0.13884177,0.10828599,0.26490371,0.17289429,-0.02496421
2008-04-30,0.00573165,0.00000000,0.34820656,0.32589672,0.32589672,0.00000000,0.00000000,0.00000000,0.00000000,0.00000000,0.00000000,RY-NEG,True,"DBC,GLD",0.15880320,0.14168873,0.10350689,0.34820656,0.16660570,0.00573165
2008-05-31,0.02459861,0.00000000,0.37946126,0.31026937,0.31026937,0.00000000,0.00000000,0.00000000,0.00000000,0.00000000,0.00000000,RY-NEG,True,"DBC,GLD",0.15937853,0.14218368,0.09890055,0.37946126,0.06250942,0.02459861
2008-06-30,0.04718310,0.00000000,0.38058781,0.30970609,0.30970609,0.00000000,0.00000000,0.00000000,0.00000000,0.00000000,0.00000000,RY-NEG,True,"DBC,GLD",0.15261190,0.14176985,0.09452967,0.38058781,0.00225309,0.04718310
2008-07-31,-0.03305918,0.00000000,0.39830988,0.30084506,0.30084506,0.00000000,0.00000000,0.00000000,0.00000000,0.00000000,0.00000000,RY-NEG,True,"DBC,GLD",0.15087046,0.13598725,0.09077727,0.39830988,0.03544414,-0.03305918
2008-08-31,-0.02630798,0.00000000,0.59941329,0.40058671,0.00000000,0.00000000,0.00000000,0.00000000,0.00000000,0.00000000,0.00000000,RY-NEG,True,DBC,0.21745634,0.13685782,0.08711012,0.59941329,0.60169012,-0.02630798
2008-09-30,0.00428204,0.00000000,1.00000000,0.00000000,0.00000000,0.00000000,0.00000000,0.00000000,0.00000000,0.00000000,0.00000000,RY-NEG,True,,0.00000000,0.14728793,0.08291501,1.00000000,0.80117341,0.00428204
2008-10-31,-0.00232556,0.00000000,1.00000000,0.00000000,0.00000000,0.00000000,0.00000000,0.00000000,0.00000000,0.00000000,0.00000000,RY-NEG,True,,0.00000000,0.14043352,0.07933409,1.00000000,0.00000000,-0.00232556
2008-11-30,-0.00050179,0.00000000,1.00000000,0.00000000,0.00000000,0.00000000,0.00000000,0.00000000,0.00000000,0.00000000,0.00000000,RY-NEG,True,,0.00000000,0.12830949,0.07670851,1.00000000,0.00000000,-0.00050179
2008-12-31,0.03218933,0.22882913,0.54234173,0.00000000,0.22882913,0.00000000,0.00000000,0.00000000,0.00000000,0.00000000,0.00000000,RY-NEG,True,"GLD,AGG",0.16233834,0.12653650,0.07429548,0.54234173,0.91531653,0.03218933
2009-01-31,0.00846610,0.20851294,0.58297412,0.00000000,0.20851294,0.00000000,0.00000000,0.00000000,0.00000000,0.00000000,0.00000000,RY-NEG,True,"AGG,GLD",0.17420156,0.11736552,0.07264656,0.58297412,0.08126478,0.00846610
2009-02-28,0.00078816,0.22161077,0.55677846,0.00000000,0.22161077,0.00000000,0.00000000,0.00000000,0.00000000,0.00000000,0.00000000,RY-NEG,True,"AGG,GLD",0.16277586,0.10481705,0.07214577,0.55677846,0.05239133,0.00078816
2009-03-31,-0.00338648,0.23107748,0.53784503,0.00000000,0.23107748,0.00000000,0.00000000,0.00000000,0.00000000,0.00000000,0.00000000,RY-NEG,True,"AGG,GLD",0.16094487,0.08287811,0.07438147,0.53784503,0.03786685,-0.00338648
2009-04-30,-0.00667664,0.24579147,0.50841705,0.00000000,0.24579147,0.00000000,0.00000000,0.00000000,0.00000000,0.00000000,0.00000000,RY-NEG,True,"AGG,GLD",0.15787192,0.07757284,0.07760714,0.50841705,0.05885596,-0.00667664
2009-05-31,0.02813774,0.25707703,0.48584594,0.00000000,0.25707703,0.00000000,0.00000000,0.00000000,0.00000000,0.00000000,0.00000000,RY-NEG,True,"AGG,GLD",0.15717963,0.07839911,0.08081455,0.48584594,0.04514223,0.02813774
2009-06-30,-0.01226962,0.25416647,0.49166705,0.00000000,0.25416647,0.00000000,0.00000000,0.00000000,0.00000000,0.00000000,0.00000000,RY-NEG,True,"GLD,AGG",0.16512990,0.07949700,0.08394097,0.49166705,0.01164223,-0.01226962
2009-07-31,0.00952694,0.27085792,0.45828416,0.00000000,0.27085792,0.00000000,0.00000000,0.00000000,0.00000000,0.00000000,0.00000000,RY-NEG,True,"AGG,GLD",0.16731621,0.06527962,0.09063784,0.45828416,0.06676579,0.00952694
2009-08-31,0.00400634,0.30301082,0.39397837,0.00000000,0.30301082,0.00000000,0.00000000,0.00000000,0.00000000,0.00000000,0.00000000,RY-NEG,True,"AGG,GLD",0.16751306,0.05555066,0.10151654,0.39397837,0.12861158,0.00400634
2009-09-30,0.02621404,0.37651132,0.24697735,0.00000000,0.37651132,0.00000000,0.00000000,0.00000000,0.00000000,0.00000000,0.00000000,RY-NEG,True,"GLD,AGG",0.15883527,0.04570416,0.11960655,0.24697735,0.29400203,0.02621404
2009-10-31,0.01665406,0.42716802,0.14566397,0.00000000,0.42716802,0.00000000,0.00000000,0.00000000,0.00000000,0.00000000,0.00000000,RY-NEG,True,"GLD,AGG",0.16077759,0.05026538,0.13735809,0.14566397,0.20262677,0.01665406
2009-11-30,0.07678362,0.00000000,0.00000000,0.00000000,0.50000000,0.00000000,0.00000000,0.00000000,0.50000000,0.00000000,0.00000000,RY-NEG,True,"GLD,TIP",0.11398441,0.05000081,0.15796114,0.00000000,1.14566397,0.07678362
2009-12-31,-0.00067005,0.00000000,0.36402464,0.00000000,0.31798768,0.00000000,0.00000000,0.00000000,0.00000000,0.00000000,0.31798768,RY-NEG,True,"GLD,VNQ",0.25584477,0.08330111,0.16271097,0.36402464,1.36402464,-0.00067005
2010-01-31,-0.02339271,0.00000000,0.50595877,0.00000000,0.00000000,0.00000000,0.00000000,0.24702062,0.00000000,0.00000000,0.24702062,RY-NEG,True,"VNQ,SPY",0.33990199,0.08239567,0.16792560,0.50595877,0.77790949,-0.02339271
2010-02-28,0.02396722,0.00000000,0.44413211,0.00000000,0.00000000,0.00000000,0.00000000,0.27793395,0.00000000,0.00000000,0.27793395,RY-POS,True,"VNQ,SPY",0.30722350,0.08983527,0.17077568,0.44413211,0.12365332,0.02396722
2010-03-31,0.06166806,0.00000000,0.23707182,0.00000000,0.00000000,0.00000000,0.00000000,0.38146409,0.00000000,0.00000000,0.38146409,RY-POS,True,"VNQ,SPY",0.22743607,0.09033181,0.17351739,0.23707182,0.41412057,0.06166806
2010-04-30,0.03269130,0.00000000,0.24538917,0.00000000,0.00000000,0.00000000,0.00000000,0.37730541,0.00000000,0.00000000,0.37730541,RY-NEG,True,"VNQ,SPY",0.22948912,0.10133313,0.17317497,0.24538917,0.01663470,0.03269130
2010-05-31,-0.06689098,0.00000000,0.00000000,0.00000000,0.00000000,0.00000000,0.00000000,0.50000000,0.00000000,0.00000000,0.50000000,RY-NEG,True,"VNQ,SPY",0.15924736,0.09891880,0.17345890,0.00000000,0.49077834,-0.06689098
2010-06-30,-0.01528474,0.00000000,0.00000000,0.00000000,0.50000000,0.00000000,0.00000000,0.00000000,0.00000000,0.00000000,0.50000000,RY-NEG,True,"VNQ,GLD",0.15938775,0.13109331,0.16728763,0.00000000,1.00000000,-0.01528474
2010-07-31,0.02253173,0.00000000,0.00000000,0.00000000,0.50000000,0.00000000,0.00000000,0.00000000,0.00000000,0.00000000,0.50000000,RY-NEG,True,"VNQ,GLD",0.14759159,0.13174428,0.16124134,0.00000000,0.00000000,0.02253173
2010-08-31,0.02215172,0.00000000,0.00000000,0.00000000,0.50000000,0.00000000,0.00000000,0.00000000,0.00000000,0.00000000,0.50000000,RY-NEG,True,"VNQ,GLD",0.14329715,0.13210790,0.15536305,0.00000000,0.00000000,0.02215172
2010-09-30,0.04623163,0.00000000,0.00000000,0.00000000,0.50000000,0.00000000,0.00000000,0.00000000,0.00000000,0.00000000,0.50000000,RY-NEG,True,"VNQ,GLD",0.13551545,0.13197795,0.14971644,0.00000000,0.00000000,0.04623163
2010-10-31,0.04212458,0.00000000,0.00000000,0.00000000,0.50000000,0.00000000,0.00000000,0.00000000,0.00000000,0.00000000,0.50000000,RY-NEG,True,"VNQ,GLD",0.13163115,0.13535757,0.14385019,0.00000000,0.00000000,0.04212458
2010-11-30,0.00129908,0.00000000,0.00000000,0.00000000,0.50000000,0.00000000,0.00000000,0.00000000,0.00000000,0.00000000,0.50000000,RY-NEG,True,"VNQ,GLD",0.12920757,0.13779043,0.13793233,0.00000000,0.00000000,0.00129908
2010-12-31,0.03493753,0.00000000,0.00000000,0.00000000,0.50000000,0.00000000,0.00000000,0.00000000,0.00000000,0.00000000,0.50000000,RY-POS,True,"VNQ,GLD",0.10663046,0.12281679,0.13408859,0.00000000,0.00000000,0.03493753
2011-01-31,-0.01564437,0.00000000,0.00000000,0.00000000,0.50000000,0.00000000,0.00000000,0.00000000,0.00000000,0.00000000,0.50000000,RY-POS,True,"GLD,VNQ",0.10558861,0.12390248,0.13020846,0.00000000,0.00000000,-0.01564437
2011-02-28,0.03161245,0.00000000,0.25933652,0.37033174,0.00000000,0.00000000,0.00000000,0.00000000,0.00000000,0.00000000,0.37033174,RY-POS,True,"VNQ,DBC",0.17113516,0.12149054,0.12675356,0.25933652,1.25933652,0.03161245
2011-03-31,-0.00132203,0.00000000,0.00000000,0.00000000,0.50000000,0.00000000,0.00000000,0.00000000,0.00000000,0.00000000,0.50000000,RY-POS,True,"VNQ,GLD",0.09869348,0.12228810,0.12328827,0.00000000,1.25933652,-0.00132203
2011-04-30,0.06650263,0.00000000,0.00000000,0.50000000,0.50000000,0.00000000,0.00000000,0.00000000,0.00000000,0.00000000,0.00000000,RY-POS,True,"DBC,GLD",0.10957118,0.11272977,0.12119996,0.00000000,1.00000000,0.06650263
2011-05-31,-0.03482048,0.00000000,0.00000000,0.50000000,0.50000000,0.00000000,0.00000000,0.00000000,0.00000000,0.00000000,0.00000000,RY-NEG,True,"GLD,DBC",0.11583396,0.12424327,0.11765254,0.00000000,0.00000000,-0.03482048
2011-06-30,-0.03297827,0.00000000,0.15862290,0.42068855,0.00000000,0.00000000,0.00000000,0.00000000,0.00000000,0.00000000,0.42068855,RY-NEG,True,"DBC,VNQ",0.13903838,0.10393917,0.11698371,0.15862290,1.15862290,-0.03297827
2011-07-31,0.02507375,0.00000000,0.17950328,0.41024836,0.00000000,0.00000000,0.00000000,0.00000000,0.00000000,0.00000000,0.41024836,RY-NEG,True,"DBC,VNQ",0.14043398,0.11113458,0.11522562,0.17950328,0.04176076,0.02507375
2011-08-31,0.04958905,0.00000000,0.15027294,0.42486353,0.42486353,0.00000000,0.00000000,0.00000000,0.00000000,0.00000000,0.00000000,RY-NEG,True,"GLD,DBC",0.13353044,0.11134592,0.11346443,0.15027294,0.87895741,0.04958905
2011-09-30,-0.06820889,0.00000000,0.39186639,0.00000000,0.60813361,0.00000000,0.00000000,0.00000000,0.00000000,0.00000000,0.00000000,RY-NEG,True,GLD,0.18263134,0.11641763,0.11106426,0.39186639,0.84972706,-0.06820889
2011-10-31,0.03167388,0.00000000,0.17970278,0.00000000,0.41014861,0.00000000,0.00000000,0.00000000,0.41014861,0.00000000,0.00000000,RY-NEG,True,"GLD,TIP",0.12961848,0.13974962,0.10632568,0.17970278,0.82029722,0.03167388
2011-11-30,0.00657731,0.00000000,0.56368968,0.00000000,0.43631032,0.00000000,0.00000000,0.00000000,0.00000000,0.00000000,0.00000000,RY-NEG,True,GLD,0.23375245,0.13735063,0.10198861,0.56368968,0.82029722,0.00657731
2011-12-31,-0.00035998,0.00000000,0.00000000,0.00000000,0.00000000,0.00000000,0.00000000,0.00000000,1.00000000,0.00000000,0.00000000,RY-NEG,True,TIP,0.04685883,0.13719999,0.09784067,0.00000000,2.00000000,-0.00035998
2012-01-31,0.04232640,0.00000000,0.36032018,0.00000000,0.31983991,0.00000000,0.00000000,0.00000000,0.31983991,0.00000000,0.00000000,RY-NEG,True,"TIP,GLD",0.14712175,0.13407430,0.09411082,0.36032018,1.36032018,0.04232640
2012-02-29,-0.01066380,0.00000000,0.39731652,0.00000000,0.30134174,0.00000000,0.00000000,0.00000000,0.30134174,0.00000000,0.00000000,RY-NEG,True,"GLD,TIP",0.14983587,0.13692950,0.09030360,0.39731652,0.07399270,-0.01066380
2012-03-31,-0.00999236,0.00000000,0.00000000,0.00000000,0.00000000,0.00000000,0.00000000,0.00000000,1.00000000,0.00000000,0.00000000,RY-NEG,True,TIP,0.04442912,0.13605198,0.08671421,0.00000000,1.39731652,-0.00999236
2012-04-30,0.00842436,0.00000000,0.64032989,0.00000000,0.00000000,0.00000000,0.00000000,0.00000000,0.00000000,0.00000000,0.35967011,RY-NEG,True,VNQ,0.23135709,0.13684304,0.08321223,0.64032989,2.00000000,0.00842436
2012-05-31,-0.00905642,0.00000000,0.34364318,0.00000000,0.00000000,0.00000000,0.00000000,0.00000000,0.32817841,0.00000000,0.32817841,RY-NEG,True,"TIP,VNQ",0.12363399,0.11981467,0.08114801,0.34364318,0.65635682,-0.00905642
2012-06-30,-0.00478625,0.50000000,0.00000000,0.00000000,0.00000000,0.00000000,0.00000000,0.00000000,0.50000000,0.00000000,0.00000000,RY-POS,True,"TIP,AGG",0.03308082,0.11415291,0.07963888,0.00000000,1.34364318,-0.00478625
2012-07-31,0.01051598,0.00000000,0.36734299,0.00000000,0.00000000,0.00000000,0.00000000,0.00000000,0.31632851,0.00000000,0.31632851,RY-POS,True,"VNQ,TIP",0.12450608,0.10784751,0.07876964,0.36734299,1.36734299,0.01051598
2012-08-31,-0.00082897,0.00000000,0.36779865,0.00000000,0.00000000,0.00000000,0.00000000,0.00000000,0.31610068,0.00000000,0.31610068,RY-NEG,True,"VNQ,TIP",0.12356072,0.10586314,0.07811525,0.36779865,0.00091131,-0.00082897
2012-09-30,0.00055978,0.00000000,0.58155364,0.00000000,0.00000000,0.00000000,0.00000000,0.20922318,0.00000000,0.00000000,0.20922318,RY-NEG,True,"VNQ,SPY",0.18867084,0.09335993,0.07894863,0.58155364,0.84595635,0.00055978
2012-10-31,-0.00813550,0.00000000,0.42044296,0.00000000,0.00000000,0.00000000,0.00000000,0.28977852,0.00000000,0.00000000,0.28977852,RY-NEG,True,"VNQ,SPY",0.15154442,0.05714757,0.08782864,0.42044296,0.32222138,-0.00813550
2012-11-30,0.00068336,0.00000000,0.05387950,0.00000000,0.00000000,0.00000000,0.00000000,0.47306025,0.00000000,0.00000000,0.47306025,RY-NEG,True,"SPY,VNQ",0.10639650,0.05065173,0.10066391,0.05387950,0.73312690,0.00068336
2012-12-31,0.02297328,0.00000000,0.00000000,0.00000000,0.00000000,0.00000000,0.00000000,0.50000000,0.00000000,0.00000000,0.50000000,RY-POS,True,"VNQ,SPY",0.10097241,0.05041920,0.11551241,0.00000000,0.10775901,0.02297328
2013-01-31,0.04428813,0.00000000,0.00000000,0.00000000,0.00000000,0.00000000,0.00000000,0.50000000,0.00000000,0.00000000,0.50000000,RY-POS,True,"VNQ,SPY",0.10010470,0.05467115,0.12987842,0.00000000,0.00000000,0.04428813
2013-02-28,0.01245910,0.00000000,0.00000000,0.00000000,0.00000000,0.00000000,0.00000000,0.50000000,0.00000000,0.00000000,0.50000000,RY-NEG,True,"SPY,VNQ",0.09569845,0.05620461,0.14505888,0.00000000,0.00000000,0.01245910
2013-03-31,0.03334643,0.00000000,0.00000000,0.00000000,0.00000000,0.00000000,0.00000000,0.50000000,0.00000000,0.00000000,0.50000000,RY-POS,True,"VNQ,SPY",0.09562910,0.05450443,0.16322126,0.00000000,0.00000000,0.03334643
2013-04-30,0.04327973,0.00000000,0.00000000,0.00000000,0.00000000,0.00000000,0.00000000,0.50000000,0.00000000,0.00000000,0.50000000,RY-POS,True,"VNQ,SPY",0.09302614,0.05809788,0.18000000,0.00000000,0.00000000,0.04327973
2013-05-31,-0.01808347,0.00000000,0.00000000,0.00000000,0.00000000,0.00000000,0.00000000,0.50000000,0.00000000,0.00000000,0.50000000,RY-POS,True,"VNQ,SPY",0.09825539,0.06731270,0.18000000,0.00000000,0.00000000,-0.01808347
2013-06-30,-0.01658186,0.00000000,0.00000000,0.00000000,0.00000000,0.00000000,0.00000000,0.50000000,0.00000000,0.00000000,0.50000000,RY-POS,True,"SPY,VNQ",0.07625763,0.07091779,0.18000000,0.00000000,0.00000000,-0.01658186
2013-07-31,0.03034930,0.00000000,0.00000000,0.00000000,0.00000000,0.00000000,0.00000000,0.50000000,0.00000000,0.00000000,0.50000000,RY-POS,True,"SPY,VNQ",0.07516321,0.07472552,0.18000000,0.00000000,0.00000000,0.03034930
2013-08-31,-0.03099248,0.00000000,0.00000000,0.00000000,0.00000000,0.00000000,0.00000000,1.00000000,0.00000000,0.00000000,0.00000000,RY-POS,True,SPY,0.07611000,0.07735277,0.18000000,0.00000000,1.00000000,-0.03099248
2013-09-30,0.03164659,0.00000000,0.00000000,0.00000000,0.00000000,0.00000000,0.00000000,1.00000000,0.00000000,0.00000000,0.00000000,RY-POS,True,SPY,0.09008076,0.08797316,0.18000000,0.00000000,0.00000000,0.03164659
2013-10-31,0.04475679,0.00000000,0.00000000,0.00000000,0.00000000,0.00000000,0.00000000,0.50000000,0.00000000,0.00000000,0.50000000,RY-POS,True,"SPY,VNQ",0.10272014,0.08999147,0.18000000,0.00000000,1.00000000,0.04475679
2013-11-30,0.02863804,0.00000000,0.00000000,0.00000000,0.00000000,0.00000000,0.00000000,1.00000000,0.00000000,0.00000000,0.00000000,RY-POS,True,SPY,0.08819124,0.09252320,0.18000000,0.00000000,1.00000000,0.02863804
2013-12-31,0.02592634,0.00000000,0.00000000,0.00000000,0.00000000,0.00000000,0.00000000,1.00000000,0.00000000,0.00000000,0.00000000,RY-POS,True,SPY,0.08705094,0.09152422,0.18000000,0.00000000,0.00000000,0.02592634
2014-01-31,0.00275090,0.00000000,0.00000000,0.00000000,0.00000000,0.00000000,0.00000000,0.50000000,0.00000000,0.00000000,0.50000000,RY-POS,True,"SPY,VNQ",0.10695730,0.09171714,0.18000000,0.00000000,1.00000000,0.00275090
2014-02-28,0.04808482,0.00000000,0.00000000,0.00000000,0.00000000,0.00000000,0.00000000,0.50000000,0.00000000,0.00000000,0.50000000,RY-POS,True,"SPY,VNQ",0.10171881,0.08861938,0.18000000,0.00000000,0.00000000,0.04808482
2014-03-31,0.00663247,0.00000000,0.00000000,0.00000000,0.00000000,0.00000000,0.00000000,0.50000000,0.00000000,0.00000000,0.50000000,RY-POS,True,"SPY,VNQ",0.10867069,0.09421536,0.18000000,0.00000000,0.00000000,0.00663247
2014-04-30,0.01990158,0.00000000,0.00000000,0.00000000,0.00000000,0.00000000,0.00000000,0.50000000,0.00000000,0.00000000,0.50000000,RY-POS,True,"SPY,VNQ",0.10645912,0.09343603,0.18000000,0.00000000,0.00000000,0.01990158
2014-05-31,0.02359932,0.00000000,0.00000000,0.00000000,0.00000000,0.00000000,0.00000000,0.50000000,0.00000000,0.00000000,0.50000000,RY-POS,True,"SPY,VNQ",0.10108897,0.08890506,0.18000000,0.00000000,0.00000000,0.02359932
2014-06-30,0.01599314,0.00000000,0.00000000,0.00000000,0.00000000,0.00000000,0.00000000,0.50000000,0.00000000,0.00000000,0.50000000,RY-POS,True,"SPY,VNQ",0.09754329,0.08176578,0.18000000,0.00000000,0.00000000,0.01599314
2014-07-31,-0.00631806,0.00000000,0.00000000,0.00000000,0.00000000,0.00000000,0.00000000,0.50000000,0.00000000,0.00000000,0.50000000,RY-POS,True,"SPY,VNQ",0.09234423,0.07277758,0.18000000,0.00000000,0.00000000,-0.00631806
2014-08-31,0.03495232,0.00000000,0.00000000,0.00000000,0.00000000,0.00000000,0.00000000,0.50000000,0.00000000,0.00000000,0.50000000,RY-POS,True,"SPY,VNQ",0.09295300,0.07656168,0.18000000,0.00000000,0.00000000,0.03495232
2014-09-30,-0.03710090,0.00000000,0.00000000,0.00000000,0.00000000,0.00000000,0.00000000,0.50000000,0.00000000,0.00000000,0.50000000,RY-POS,True,"SPY,VNQ",0.06633197,0.05679704,0.18000000,0.00000000,0.00000000,-0.03710090
2014-10-31,0.06146203,0.00000000,0.00000000,0.00000000,0.00000000,0.00000000,0.00000000,0.50000000,0.00000000,0.00000000,0.50000000,RY-POS,True,"SPY,VNQ",0.08460407,0.08162250,0.18000000,0.00000000,0.00000000,0.06146203
2014-11-30,0.02373716,0.00000000,0.00000000,0.00000000,0.00000000,0.00000000,0.00000000,0.50000000,0.00000000,0.00000000,0.50000000,RY-POS,True,"VNQ,SPY",0.09232153,0.08911441,0.18000000,0.00000000,0.00000000,0.02373716
2014-12-31,0.00825136,0.00000000,0.00000000,0.00000000,0.00000000,0.00000000,0.00000000,0.50000000,0.00000000,0.00000000,0.50000000,RY-POS,True,"VNQ,SPY",0.08818445,0.08865236,0.18000000,0.00000000,0.00000000,0.00825136
2015-01-31,0.01944492,0.00000000,0.00000000,0.00000000,0.00000000,0.00000000,0.00000000,0.50000000,0.00000000,0.00000000,0.50000000,RY-NEG,True,"VNQ,SPY",0.08858836,0.08875592,0.18000000,0.00000000,0.00000000,0.01944492
2015-02-28,0.00973140,0.00000000,0.00000000,0.00000000,0.00000000,0.00000000,0.00000000,0.50000000,0.00000000,0.00000000,0.50000000,RY-POS,True,"VNQ,SPY",0.08742733,0.08742733,0.18000000,0.00000000,0.00000000,0.00973140
2015-03-31,0.00080669,0.00000000,0.00000000,0.00000000,0.00000000,0.00000000,0.00000000,0.50000000,0.00000000,0.00000000,0.50000000,RY-POS,True,"VNQ,SPY",0.08133530,0.08133530,0.18000000,0.00000000,0.00000000,0.00080669
2015-04-30,-0.02432050,0.00000000,0.00000000,0.00000000,0.00000000,0.00000000,0.00000000,0.50000000,0.00000000,0.00000000,0.50000000,RY-POS,True,"VNQ,SPY",0.08219509,0.08219509,0.18000000,0.00000000,0.00000000,-0.02432050
2015-05-31,0.01185592,0.00000000,0.00000000,0.00000000,0.00000000,0.00000000,0.00000000,1.00000000,0.00000000,0.00000000,0.00000000,RY-POS,True,SPY,0.08912460,0.09052161,0.18000000,0.00000000,1.00000000,0.01185592
2015-06-30,-0.02031202,0.00000000,0.00000000,0.00000000,0.00000000,0.00000000,0.00000000,1.00000000,0.00000000,0.00000000,0.00000000,RY-POS,True,SPY,0.08810230,0.08947340,0.18000000,0.00000000,0.00000000,-0.02031202
2015-07-31,0.02258947,0.00000000,0.00000000,0.00000000,0.00000000,0.00000000,0.00000000,1.00000000,0.00000000,0.00000000,0.00000000,RY-POS,True,SPY,0.09192618,0.09401542,0.18000000,0.00000000,0.00000000,0.02258947
2015-08-31,-0.00200000,0.00000000,1.00000000,0.00000000,0.00000000,0.00000000,0.00000000,0.00000000,0.00000000,0.00000000,0.00000000,RY-NEG,True,,0.00000000,0.09404293,0.18000000,1.00000000,2.00000000,-0.00200000
2015-09-30,0.00611444,1.00000000,0.00000000,0.00000000,0.00000000,0.00000000,0.00000000,0.00000000,0.00000000,0.00000000,0.00000000,RY-NEG,True,AGG,0.03176098,0.09021086,0.18000000,0.00000000,2.00000000,0.00611444
2015-10-31,0.02813566,0.50000000,0.00000000,0.00000000,0.00000000,0.00000000,0.00000000,0.00000000,0.00000000,0.00000000,0.50000000,RY-POS,True,"VNQ,AGG",0.10399144,0.07697278,0.18000000,0.00000000,1.00000000,0.02813566
2015-11-30,-0.00230160,0.00000000,0.00000000,0.00000000,0.00000000,0.00000000,0.00000000,0.50000000,0.00000000,0.00000000,0.50000000,RY-POS,True,"VNQ,SPY",0.11941631,0.05724992,0.18000000,0.00000000,1.00000000,-0.00230160
2015-12-31,0.00051350,0.00000000,0.00000000,0.00000000,0.00000000,0.00000000,0.00000000,0.50000000,0.00000000,0.00000000,0.50000000,RY-POS,True,"SPY,VNQ",0.11776591,0.05481665,0.18000000,0.00000000,0.00000000,0.00051350
2016-01-31,-0.03536619,0.00000000,0.00000000,0.00000000,0.00000000,0.00000000,0.00000000,0.00000000,0.00000000,0.00000000,1.00000000,RY-NEG,True,VNQ,0.16099573,0.05483638,0.18000000,0.00000000,1.00000000,-0.03536619
2016-02-29,0.00687078,1.00000000,0.00000000,0.00000000,0.00000000,0.00000000,0.00000000,0.00000000,0.00000000,0.00000000,0.00000000,RY-NEG,True,AGG,0.02479510,0.06470520,0.18000000,0.00000000,2.00000000,0.00687078
2016-03-31,-0.00084115,0.50000000,0.00000000,0.00000000,0.50000000,0.00000000,0.00000000,0.00000000,0.00000000,0.00000000,0.00000000,RY-POS,True,"GLD,AGG",0.08961537,0.06427939,0.18000000,0.00000000,1.00000000,-0.00084115
2016-04-30,0.01278988,0.00000000,0.00000000,0.00000000,0.50000000,0.00000000,0.00000000,0.00000000,0.00000000,0.00000000,0.50000000,RY-POS,True,"VNQ,GLD",0.10498786,0.06426067,0.18000000,0.00000000,1.00000000,0.01278988
2016-05-31,-0.01944877,0.00000000,0.00000000,0.00000000,0.50000000,0.00000000,0.00000000,0.00000000,0.00000000,0.00000000,0.50000000,RY-POS,True,"GLD,VNQ",0.09831697,0.05998810,0.18000000,0.00000000,0.00000000,-0.01944877
2016-06-30,0.04331802,0.50000000,0.00000000,0.00000000,0.00000000,0.00000000,0.00000000,0.00000000,0.00000000,0.00000000,0.50000000,RY-POS,True,"VNQ,AGG",0.09037227,0.06267718,0.18000000,0.00000000,1.00000000,0.04331802
2016-07-31,0.03023819,0.00000000,0.00000000,0.00000000,0.50000000,0.00000000,0.00000000,0.00000000,0.00000000,0.00000000,0.50000000,RY-POS,True,"VNQ,GLD",0.11686609,0.07207620,0.18000000,0.00000000,1.00000000,0.03023819
2016-08-31,-0.03510255,0.00000000,0.00000000,0.00000000,0.50000000,0.00000000,0.00000000,0.00000000,0.00000000,0.00000000,0.50000000,RY-POS,True,"GLD,VNQ",0.11576160,0.07447481,0.18000000,0.00000000,0.00000000,-0.03510255
2016-09-30,-0.00571658,0.00000000,0.00000000,0.00000000,0.50000000,0.00000000,0.00000000,0.00000000,0.00000000,0.00000000,0.50000000,RY-POS,True,"VNQ,GLD",0.12411022,0.08483000,0.18000000,0.00000000,0.00000000,-0.00571658
2016-10-31,-0.02880346,0.00000000,0.05547109,0.00000000,0.94452891,0.00000000,0.00000000,0.00000000,0.00000000,0.00000000,0.00000000,RY-POS,True,GLD,0.19057119,0.08516681,0.18000000,0.05547109,1.00000000,-0.02880346
2016-11-30,-0.00232659,0.00000000,1.00000000,0.00000000,0.00000000,0.00000000,0.00000000,0.00000000,0.00000000,0.00000000,0.00000000,RY-POS,True,,0.00000000,0.08508329,0.18000000,1.00000000,1.88905782,-0.00232659
2016-12-31,0.01827163,0.00000000,0.00000000,0.00000000,0.00000000,0.00000000,0.00000000,1.00000000,0.00000000,0.00000000,0.00000000,RY-POS,True,SPY,0.10476925,0.08508312,0.18000000,0.00000000,2.00000000,0.01827163
2017-01-31,0.00510636,0.00000000,0.00000000,0.50000000,0.00000000,0.00000000,0.00000000,0.50000000,0.00000000,0.00000000,0.00000000,RY-NEG,True,"DBC,SPY",0.09965346,0.08765705,0.18000000,0.00000000,1.00000000,0.00510636
2017-02-28,0.01869351,0.00000000,0.00000000,0.50000000,0.00000000,0.00000000,0.00000000,0.50000000,0.00000000,0.00000000,0.00000000,RY-NEG,True,"DBC,SPY",0.07687616,0.07948218,0.18000000,0.00000000,0.00000000,0.01869351
2017-03-31,-0.01559648,0.00000000,0.00000000,0.50000000,0.00000000,0.00000000,0.00000000,0.50000000,0.00000000,0.00000000,0.00000000,RY-NEG,True,"SPY,DBC",0.07417937,0.08112996,0.18000000,0.00000000,0.00000000,-0.01559648
2017-04-30,0.00892624,0.00000000,0.00000000,0.00000000,0.00000000,0.00000000,0.00000000,1.00000000,0.00000000,0.00000000,0.00000000,RY-POS,True,SPY,0.06125731,0.08321015,0.18000000,0.00000000,1.00000000,0.00892624
2017-05-31,0.01411286,0.00000000,0.00000000,0.00000000,0.00000000,0.00000000,0.00000000,1.00000000,0.00000000,0.00000000,0.00000000,RY-POS,True,SPY,0.06054119,0.08274110,0.18000000,0.00000000,0.00000000,0.01411286
2017-06-30,0.00637488,0.00000000,0.00000000,0.00000000,0.00000000,0.00000000,0.00000000,1.00000000,0.00000000,0.00000000,0.00000000,RY-POS,True,SPY,0.06044602,0.08025696,0.18000000,0.00000000,0.00000000,0.00637488
2017-07-31,0.01094729,0.50000000,0.00000000,0.00000000,0.00000000,0.00000000,0.00000000,0.50000000,0.00000000,0.00000000,0.00000000,RY-POS,True,"SPY,AGG",0.03377763,0.06824794,0.18000000,0.00000000,1.00000000,0.01094729
2017-08-31,0.00191768,0.00000000,0.00000000,0.00000000,0.00000000,0.00000000,0.00000000,1.00000000,0.00000000,0.00000000,0.00000000,RY-POS,True,SPY,0.05537266,0.06170046,0.18000000,0.00000000,1.00000000,0.00191768
2017-09-30,0.01900837,0.00000000,0.00000000,0.50000000,0.00000000,0.00000000,0.00000000,0.50000000,0.00000000,0.00000000,0.00000000,RY-POS,True,"SPY,DBC",0.05750988,0.04875013,0.18000000,0.00000000,1.00000000,0.01900837
2017-10-31,0.03158737,0.00000000,0.00000000,0.50000000,0.00000000,0.00000000,0.00000000,0.50000000,0.00000000,0.00000000,0.00000000,RY-POS,True,"SPY,DBC",0.05714242,0.05035949,0.18000000,0.00000000,0.00000000,0.03158737
2017-11-30,0.01996752,0.00000000,0.00000000,0.50000000,0.00000000,0.00000000,0.00000000,0.50000000,0.00000000,0.00000000,0.00000000,RY-POS,True,"SPY,DBC",0.05754638,0.04202502,0.18000000,0.00000000,0.00000000,0.01996752
2017-12-31,0.00432701,0.00000000,0.00000000,0.00000000,0.00000000,0.00000000,0.00000000,0.50000000,0.00000000,0.00000000,0.50000000,RY-POS,True,"SPY,VNQ",0.04982598,0.04093422,0.18000000,0.00000000,1.00000000,0.00432701
2018-01-31,0.04335418,0.00000000,0.00000000,0.00000000,0.50000000,0.00000000,0.00000000,0.50000000,0.00000000,0.00000000,0.00000000,RY-POS,True,"SPY,GLD",0.05039817,0.04083354,0.18000000,0.00000000,1.00000000,0.04335418
2018-02-28,-0.02856002,0.00000000,0.00000000,0.00000000,0.50000000,0.00000000,0.00000000,0.50000000,0.00000000,0.00000000,0.00000000,RY-POS,True,"SPY,GLD",0.05493796,0.05181254,0.18000000,0.00000000,0.00000000,-0.02856002
2018-03-31,-0.00325957,0.00000000,0.00000000,0.50000000,0.00000000,0.00000000,0.00000000,0.50000000,0.00000000,0.00000000,0.00000000,RY-POS,True,"SPY,DBC",0.07659453,0.06630168,0.18000000,0.00000000,1.00000000,-0.00325957
2018-04-30,0.01966309,0.00000000,0.00000000,0.50000000,0.00000000,0.00000000,0.00000000,0.50000000,0.00000000,0.00000000,0.00000000,RY-POS,True,"SPY,DBC",0.07296477,0.06218749,0.18000000,0.00000000,0.00000000,0.01966309
2018-05-31,0.02553716,0.00000000,0.00000000,0.50000000,0.00000000,0.00000000,0.00000000,0.50000000,0.00000000,0.00000000,0.00000000,RY-POS,True,"DBC,SPY",0.07044248,0.06277276,0.18000000,0.00000000,0.00000000,0.02553716
2018-06-30,-0.00683041,0.00000000,0.00000000,0.50000000,0.00000000,0.00000000,0.00000000,0.50000000,0.00000000,0.00000000,0.00000000,RY-POS,True,"DBC,SPY",0.07006604,0.06428895,0.18000000,0.00000000,0.00000000,-0.00683041
2018-07-31,0.00636248,0.00000000,0.00000000,0.50000000,0.00000000,0.00000000,0.00000000,0.50000000,0.00000000,0.00000000,0.00000000,RY-POS,True,"DBC,SPY",0.07157498,0.06697760,0.18000000,0.00000000,0.00000000,0.00636248
2018-08-31,0.01972799,0.00000000,0.00000000,0.50000000,0.00000000,0.00000000,0.00000000,0.50000000,0.00000000,0.00000000,0.00000000,RY-POS,True,"SPY,DBC",0.06961498,0.06717340,0.18000000,0.00000000,0.00000000,0.01972799
2018-09-30,0.01994631,0.00000000,0.00000000,0.50000000,0.00000000,0.00000000,0.00000000,0.50000000,0.00000000,0.00000000,0.00000000,RY-POS,True,"SPY,DBC",0.06926012,0.06688096,0.18000000,0.00000000,0.00000000,0.01994631
2018-10-31,-0.00029369,0.00000000,1.00000000,0.00000000,0.00000000,0.00000000,0.00000000,0.00000000,0.00000000,0.00000000,0.00000000,RY-NEG,True,,0.00000000,0.06698590,0.18000000,1.00000000,2.00000000,-0.00029369
2018-11-30,0.01654925,0.00000000,0.00000000,0.00000000,0.00000000,0.00000000,0.00000000,1.00000000,0.00000000,0.00000000,0.00000000,RY-POS,True,SPY,0.12224498,0.06470230,0.18000000,0.00000000,2.00000000,0.01654925
2018-12-31,-0.00017297,0.00000000,1.00000000,0.00000000,0.00000000,0.00000000,0.00000000,0.00000000,0.00000000,0.00000000,0.00000000,RY-NEG,True,,0.00000000,0.06421603,0.18000000,1.00000000,2.00000000,-0.00017297
2019-01-31,0.00967703,0.50000000,0.00000000,0.00000000,0.00000000,0.00000000,0.00000000,0.00000000,0.50000000,0.00000000,0.00000000,RY-POS,True,"AGG,TIP",0.02878416,0.06478273,0.18000000,0.00000000,2.00000000,0.00967703
2019-02-28,0.00190787,0.50000000,0.00000000,0.00000000,0.00000000,0.00000000,0.00000000,0.00000000,0.00000000,0.00000000,0.50000000,RY-POS,True,"VNQ,AGG",0.10186183,0.05321028,0.18000000,0.00000000,1.00000000,0.00190787
2019-03-31,0.02913263,0.00000000,0.00000000,0.00000000,0.00000000,0.00000000,0.00000000,0.50000000,0.00000000,0.00000000,0.50000000,RY-POS,True,"VNQ,SPY",0.15640105,0.03777669,0.18000000,0.00000000,1.00000000,0.02913263
2019-04-30,0.01962049,0.00000000,0.00000000,0.00000000,0.00000000,0.00000000,0.00000000,0.50000000,0.00000000,0.00000000,0.50000000,RY-POS,True,"VNQ,SPY",0.15749605,0.04006375,0.18000000,0.00000000,0.00000000,0.01962049
2019-05-31,0.00038330,0.00000000,0.00000000,0.00000000,0.00000000,0.00000000,0.00000000,0.00000000,0.00000000,0.00000000,1.00000000,RY-POS,True,VNQ,0.17108159,0.04005461,0.18000000,0.00000000,1.00000000,0.00038330
2019-06-30,0.01226433,0.50000000,0.00000000,0.00000000,0.00000000,0.00000000,0.00000000,0.00000000,0.00000000,0.00000000,0.50000000,RY-POS,True,"VNQ,AGG",0.08815959,0.03848615,0.18000000,0.00000000,1.00000000,0.01226433
2019-07-31,0.00756169,0.00000000,0.00000000,0.00000000,0.50000000,0.00000000,0.00000000,0.00000000,0.00000000,0.00000000,0.50000000,RY-POS,True,"GLD,VNQ",0.09305935,0.03403628,0.18000000,0.00000000,1.00000000,0.00756169
2019-08-31,0.05829253,0.00000000,0.00000000,0.00000000,0.50000000,0.00000000,0.00000000,0.00000000,0.00000000,0.00000000,0.50000000,RY-NEG,True,"GLD,VNQ",0.09090667,0.03386880,0.18000000,0.00000000,0.00000000,0.05829253
2019-09-30,-0.00733850,0.00000000,0.00000000,0.00000000,0.50000000,0.00000000,0.00000000,0.00000000,0.00000000,0.00000000,0.50000000,RY-NEG,True,"GLD,VNQ",0.10122494,0.05777992,0.18000000,0.00000000,0.00000000,-0.00733850
2019-10-31,0.01844776,0.00000000,0.00000000,0.00000000,0.50000000,0.00000000,0.00000000,0.00000000,0.00000000,0.00000000,0.50000000,RY-NEG,True,"GLD,VNQ",0.09830526,0.06134386,0.18000000,0.00000000,0.00000000,0.01844776
2019-11-30,-0.02256482,0.00000000,0.00000000,0.00000000,0.50000000,0.00000000,0.00000000,0.00000000,0.00000000,0.00000000,0.50000000,RY-NEG,True,"VNQ,GLD",0.09555240,0.05999503,0.18000000,0.00000000,0.00000000,-0.02256482
2019-12-31,0.02212455,0.00000000,0.00000000,0.00000000,0.50000000,0.00000000,0.00000000,0.00000000,0.00000000,0.00000000,0.50000000,RY-NEG,True,"GLD,VNQ",0.10378693,0.06999895,0.18000000,0.00000000,0.00000000,0.02212455
2020-01-31,0.00494091,0.00000000,0.00000000,0.00000000,0.00000000,0.00000000,0.00000000,0.50000000,0.00000000,0.00000000,0.50000000,RY-NEG,True,"SPY,VNQ",0.10248159,0.06980609,0.18000000,0.00000000,1.00000000,0.00494091
2020-02-29,-0.00836173,0.00000000,0.00000000,0.00000000,1.00000000,0.00000000,0.00000000,0.00000000,0.00000000,0.00000000,0.00000000,RY-NEG,True,GLD,0.13426837,0.07017171,0.18000000,0.00000000,2.00000000,-0.00836173
2020-03-31,-0.00474597,0.50000000,0.00000000,0.00000000,0.50000000,0.00000000,0.00000000,0.00000000,0.00000000,0.00000000,0.00000000,RY-NEG,True,"GLD,AGG",0.07884203,0.07250589,0.18000000,0.00000000,1.00000000,-0.00474597
2020-04-30,0.04490044,0.50000000,0.00000000,0.00000000,0.50000000,0.00000000,0.00000000,0.00000000,0.00000000,0.00000000,0.00000000,RY-NEG,True,"GLD,AGG",0.07995964,0.07127394,0.18000000,0.00000000,0.00000000,0.04490044
2020-05-31,0.01630380,0.50000000,0.00000000,0.00000000,0.50000000,0.00000000,0.00000000,0.00000000,0.00000000,0.00000000,0.00000000,RY-NEG,True,"GLD,AGG",0.08408506,0.07961619,0.18000000,0.00000000,0.00000000,0.01630380
2020-06-30,0.02155569,0.00000000,0.00000000,0.00000000,0.50000000,0.00000000,0.00000000,0.50000000,0.00000000,0.00000000,0.00000000,RY-NEG,True,"GLD,SPY",0.15512275,0.07900042,0.18000000,0.00000000,1.00000000,0.02155569
2020-07-31,0.05961833,0.50000000,0.00000000,0.00000000,0.50000000,0.00000000,0.00000000,0.00000000,0.00000000,0.00000000,0.00000000,RY-NEG,True,"GLD,AGG",0.07767436,0.07960168,0.18000000,0.00000000,1.00000000,0.05961833
2020-08-31,0.03228046,0.00000000,0.00000000,0.00000000,0.50000000,0.00000000,0.00000000,0.50000000,0.00000000,0.00000000,0.00000000,RY-NEG,True,"GLD,SPY",0.15828948,0.09205907,0.18000000,0.00000000,1.00000000,0.03228046
2020-09-30,-0.03957876,0.00000000,0.00000000,0.00000000,0.50000000,0.00000000,0.00000000,0.50000000,0.00000000,0.00000000,0.00000000,RY-NEG,True,"GLD,SPY",0.15846300,0.08248690,0.18000000,0.00000000,0.00000000,-0.03957876
2020-10-31,-0.01506386,0.00000000,0.00000000,0.00000000,0.50000000,0.00000000,0.00000000,0.50000000,0.00000000,0.00000000,0.00000000,RY-NEG,True,"GLD,SPY",0.16762235,0.09694443,0.18000000,0.00000000,0.00000000,-0.01506386
2020-11-30,0.08122800,0.00000000,0.24382255,0.00000000,0.00000000,0.00000000,0.00000000,0.75617745,0.00000000,0.00000000,0.00000000,RY-NEG,True,SPY,0.23794082,0.10027674,0.17992549,0.24382255,1.00000000,0.08122800
2020-12-31,0.05259354,0.00000000,0.00000000,0.00000000,0.50000000,0.00000000,0.00000000,0.50000000,0.00000000,0.00000000,0.00000000,RY-NEG,True,"GLD,SPY",0.17041341,0.11668747,0.17606581,0.00000000,1.00000000,0.05259354
2021-01-31,-0.00777965,0.00000000,0.33469160,0.00000000,0.00000000,0.00000000,0.00000000,0.66530840,0.00000000,0.00000000,0.00000000,RY-NEG,True,SPY,0.25754661,0.12174949,0.17134792,0.33469160,1.00000000,-0.00777965
2021-02-28,0.01781490,0.00000000,0.35634083,0.00000000,0.00000000,0.00000000,0.00000000,0.64365917,0.00000000,0.00000000,0.00000000,RY-NEG,True,SPY,0.25843883,0.12416044,0.16634652,0.35634083,0.04329847,0.01781490
2021-03-31,0.01259099,0.00000000,0.30304770,0.34847615,0.00000000,0.00000000,0.00000000,0.34847615,0.00000000,0.00000000,0.00000000,RY-NEG,True,"SPY,DBC",0.23259194,0.12047726,0.16210549,0.30304770,0.69695230,0.01259099
2021-04-30,0.06498210,0.00000000,0.00000000,0.50000000,0.00000000,0.00000000,0.00000000,0.50000000,0.00000000,0.00000000,0.00000000,RY-NEG,True,"SPY,DBC",0.13926690,0.11755427,0.15847443,0.00000000,0.60609540,0.06498210
2021-05-31,0.02254605,0.00000000,0.00000000,0.50000000,0.00000000,0.00000000,0.00000000,0.50000000,0.00000000,0.00000000,0.00000000,RY-NEG,True,"DBC,SPY",0.14193631,0.12320772,0.15399683,0.00000000,0.00000000,0.02254605
2021-06-30,0.02868677,0.00000000,0.00000000,0.50000000,0.00000000,0.00000000,0.00000000,0.50000000,0.00000000,0.00000000,0.00000000,RY-NEG,True,"DBC,SPY",0.13964674,0.12290074,0.14969258,0.00000000,0.00000000,0.02868677
2021-07-31,0.01869977,0.00000000,0.00000000,0.50000000,0.00000000,0.00000000,0.00000000,0.50000000,0.00000000,0.00000000,0.00000000,RY-NEG,True,"DBC,SPY",0.13973871,0.12287489,0.14551247,0.00000000,0.00000000,0.01869977
2021-08-31,0.00667481,0.00000000,0.00000000,0.50000000,0.00000000,0.00000000,0.00000000,0.50000000,0.00000000,0.00000000,0.00000000,RY-NEG,True,"DBC,SPY",0.13858012,0.11728490,0.14229573,0.00000000,0.00000000,0.00667481
2021-09-30,-0.00333861,0.00000000,0.00000000,0.50000000,0.00000000,0.00000000,0.00000000,0.00000000,0.00000000,0.00000000,0.50000000,RY-NEG,True,"DBC,VNQ",0.13674980,0.11772994,0.13908130,0.00000000,1.00000000,-0.00333861
2021-10-31,0.06465434,0.00000000,0.00000000,0.50000000,0.00000000,0.00000000,0.00000000,0.00000000,0.00000000,0.00000000,0.50000000,RY-NEG,True,"DBC,VNQ",0.12553367,0.10217858,0.13863649,0.00000000,0.00000000,0.06465434
2021-11-30,-0.05434062,0.00000000,0.00000000,0.50000000,0.00000000,0.00000000,0.00000000,0.00000000,0.00000000,0.00000000,0.50000000,RY-NEG,True,"DBC,VNQ",0.10916150,0.10060964,0.13851048,0.00000000,0.00000000,-0.05434062
2021-12-31,0.08189567,0.00000000,0.00000000,0.50000000,0.00000000,0.00000000,0.00000000,0.00000000,0.00000000,0.00000000,0.50000000,RY-NEG,True,"DBC,VNQ",0.12424940,0.11546719,0.13572740,0.00000000,0.00000000,0.08189567
2022-01-31,-0.00262676,0.00000000,0.03205512,0.48397244,0.00000000,0.00000000,0.00000000,0.00000000,0.00000000,0.00000000,0.48397244,RY-NEG,True,"DBC,VNQ",0.13563252,0.12791186,0.13128480,0.03205512,0.06411024,-0.00262676
2022-02-28,0.04443457,0.00000000,0.29697905,0.70302095,0.00000000,0.00000000,0.00000000,0.00000000,0.00000000,0.00000000,0.00000000,RY-NEG,True,DBC,0.18083356,0.12674154,0.12712978,0.29697905,0.96794488,0.04443457
2022-03-31,0.07063696,0.00000000,0.07336136,0.46331932,0.00000000,0.00000000,0.00000000,0.00000000,0.00000000,0.00000000,0.46331932,RY-NEG,True,"DBC,VNQ",0.13260873,0.12867338,0.12288037,0.07336136,0.92663864,0.07063696
2022-04-30,0.03735118,0.00000000,0.32079414,0.67920586,0.00000000,0.00000000,0.00000000,0.00000000,0.00000000,0.00000000,0.00000000,RY-NEG,True,DBC,0.17372429,0.13606770,0.11799455,0.32079414,0.92663864,0.03735118
2022-05-31,0.03103309,0.00000000,0.32926584,0.67073416,0.00000000,0.00000000,0.00000000,0.00000000,0.00000000,0.00000000,0.00000000,RY-NEG,True,DBC,0.16971996,0.13070228,0.11383697,0.32926584,0.01694339,0.03103309
2022-06-30,-0.04824461,0.00000000,0.35372904,0.64627096,0.00000000,0.00000000,0.00000000,0.00000000,0.00000000,0.00000000,0.00000000,RY-NEG,True,DBC,0.16993605,0.13071384,0.10982473,0.35372904,0.04892641,-0.04824461
2022-07-31,-0.01024832,0.00000000,0.48965572,0.51034428,0.00000000,0.00000000,0.00000000,0.00000000,0.00000000,0.00000000,0.00000000,RY-NEG,True,DBC,0.20433394,0.15072518,0.10428065,0.48965572,0.27185337,-0.01024832
2022-08-31,-0.00609075,0.00000000,0.52889568,0.47110432,0.00000000,0.00000000,0.00000000,0.00000000,0.00000000,0.00000000,0.00000000,RY-NEG,True,DBC,0.20973006,0.15386403,0.09880474,0.52889568,0.07847991,-0.00609075
2022-09-30,0.00112534,0.00000000,1.00000000,0.00000000,0.00000000,0.00000000,0.00000000,0.00000000,0.00000000,0.00000000,0.00000000,RY-NEG,True,,0.00000000,0.15542489,0.09351964,1.00000000,0.94220864,0.00112534
2022-10-31,0.00158582,0.00000000,1.00000000,0.00000000,0.00000000,0.00000000,0.00000000,0.00000000,0.00000000,0.00000000,0.00000000,RY-NEG,True,,0.00000000,0.15484777,0.08855088,1.00000000,0.00000000,0.00158582
2022-11-30,0.00315165,0.00000000,1.00000000,0.00000000,0.00000000,0.00000000,0.00000000,0.00000000,0.00000000,0.00000000,0.00000000,RY-NEG,True,,0.00000000,0.14649923,0.08433494,1.00000000,0.00000000,0.00315165
2022-12-31,0.01784302,0.00000000,0.39962934,0.00000000,0.60037066,0.00000000,0.00000000,0.00000000,0.00000000,0.00000000,0.00000000,RY-NEG,True,GLD,0.13584441,0.12813867,0.08155700,0.39962934,1.20074132,0.01784302
2023-01-31,0.03560746,0.00000000,0.40148530,0.00000000,0.59851470,0.00000000,0.00000000,0.00000000,0.00000000,0.00000000,0.00000000,RY-NEG,True,GLD,0.13492509,0.10701896,0.08075465,0.40148530,0.00371191,0.03560746
2023-02-28,-0.02810517,0.00000000,0.44923058,0.00000000,0.55076942,0.00000000,0.00000000,0.00000000,0.00000000,0.00000000,0.00000000,RY-NEG,True,GLD,0.14494118,0.10827231,0.07982917,0.44923058,0.09549057,-0.02810517
2023-03-31,0.04535919,0.00000000,0.44965906,0.00000000,0.55034094,0.00000000,0.00000000,0.00000000,0.00000000,0.00000000,0.00000000,RY-NEG,True,GLD,0.14291262,0.11091622,0.07865067,0.44965906,0.00085696,0.04535919
2023-04-30,0.00526628,0.31962228,0.36075543,0.00000000,0.31962228,0.00000000,0.00000000,0.00000000,0.00000000,0.00000000,0.00000000,RY-NEG,True,"GLD,AGG",0.12348534,0.09762777,0.07893733,0.36075543,0.63924457,0.00526628
2023-05-31,-0.00111870,0.00000000,0.49789671,0.00000000,0.25105164,0.00000000,0.00000000,0.25105164,0.00000000,0.00000000,0.00000000,RY-NEG,True,"GLD,SPY",0.15933885,0.09173194,0.08000456,0.49789671,0.77638584,-0.00111870
2023-06-30,0.01320287,0.00000000,0.48305227,0.00000000,0.25847387,0.00000000,0.00000000,0.25847387,0.00000000,0.00000000,0.00000000,RY-POS,True,"GLD,SPY",0.15825903,0.08691252,0.08181165,0.48305227,0.02968889,0.01320287
2023-07-31,0.01794022,0.00000000,0.40562871,0.00000000,0.29718564,0.00000000,0.00000000,0.29718564,0.00000000,0.00000000,0.00000000,RY-POS,True,"SPY,GLD",0.14717355,0.06842029,0.08747573,0.40562871,0.15484711,0.01794022
2023-08-31,-0.00764103,0.00000000,0.35774509,0.00000000,0.32112745,0.00000000,0.00000000,0.32112745,0.00000000,0.00000000,0.00000000,RY-POS,True,"SPY,GLD",0.14640368,0.06669354,0.09402848,0.35774509,0.09576724,-0.00764103
2023-09-30,-0.02483117,0.00000000,0.45202527,0.00000000,0.00000000,0.00000000,0.00000000,0.54797473,0.00000000,0.00000000,0.00000000,RY-POS,True,SPY,0.18421951,0.06708835,0.10094764,0.45202527,0.64225491,-0.02483117
2023-10-31,0.04899945,0.00000000,0.33708893,0.00000000,0.66291107,0.00000000,0.00000000,0.00000000,0.00000000,0.00000000,0.00000000,RY-POS,True,GLD,0.15995384,0.07485115,0.10603517,0.33708893,1.32582214,0.04899945
2023-11-30,0.04771380,0.00000000,0.18263155,0.00000000,0.40868423,0.00000000,0.00000000,0.40868423,0.00000000,0.00000000,0.00000000,RY-POS,True,"GLD,SPY",0.13298120,0.08567461,0.10869464,0.18263155,0.81736845,0.04771380
2023-12-31,0.02566488,0.00000000,0.13970915,0.00000000,0.43014543,0.00000000,0.00000000,0.43014543,0.00000000,0.00000000,0.00000000,RY-POS,True,"GLD,SPY",0.12781411,0.09281223,0.10995731,0.13970915,0.08584480,0.02566488
2024-01-31,0.00118977,0.00000000,0.11444317,0.00000000,0.44277841,0.00000000,0.00000000,0.44277841,0.00000000,0.00000000,0.00000000,RY-POS,True,"SPY,GLD",0.12546740,0.09347565,0.11110852,0.11444317,0.05053195,0.00118977
2024-02-29,0.02749090,0.00000000,0.02988513,0.00000000,0.48505743,0.00000000,0.00000000,0.48505743,0.00000000,0.00000000,0.00000000,RY-POS,True,"SPY,GLD",0.11613801,0.09144749,0.11266721,0.02988513,0.16911608,0.02749090
2024-03-31,0.05963287,0.00000000,0.00000000,0.00000000,0.50000000,0.00000000,0.00000000,0.50000000,0.00000000,0.00000000,0.00000000,RY-POS,True,"SPY,GLD",0.10332301,0.08119374,0.11658164,0.00000000,0.05977026,0.05963287
2024-04-30,-0.00521241,0.00000000,0.00000000,0.00000000,0.50000000,0.00000000,0.00000000,0.50000000,0.00000000,0.00000000,0.00000000,RY-POS,True,"SPY,GLD",0.10402681,0.08770235,0.11903371,0.00000000,0.00000000,-0.00521241
2024-05-31,0.03338447,0.00000000,0.00000000,0.00000000,0.50000000,0.00000000,0.00000000,0.50000000,0.00000000,0.00000000,0.00000000,RY-POS,True,"SPY,GLD",0.10624032,0.08993268,0.12103245,0.00000000,0.00000000,0.03338447
2024-06-30,0.01696660,0.00000000,0.00000000,0.00000000,0.50000000,0.00000000,0.00000000,0.50000000,0.00000000,0.00000000,0.00000000,RY-POS,True,"SPY,GLD",0.10543076,0.08899698,0.12327701,0.00000000,0.00000000,0.01696660
2024-07-31,0.03289055,0.00000000,0.00000000,0.00000000,0.50000000,0.00000000,0.00000000,0.50000000,0.00000000,0.00000000,0.00000000,RY-POS,True,"SPY,GLD",0.10537855,0.08877217,0.12561580,0.00000000,0.00000000,0.03289055
2024-08-31,0.02214397,0.00000000,0.00000000,0.00000000,0.50000000,0.00000000,0.00000000,0.50000000,0.00000000,0.00000000,0.00000000,RY-POS,True,"GLD,SPY",0.10602638,0.08962865,0.12779614,0.00000000,0.00000000,0.02214397
2024-09-30,0.03594659,0.00000000,0.00000000,0.00000000,0.50000000,0.00000000,0.00000000,0.50000000,0.00000000,0.00000000,0.00000000,RY-POS,True,"GLD,SPY",0.09984123,0.08388195,0.13147957,0.00000000,0.00000000,0.03594659
2024-10-31,0.01703492,0.00000000,0.00000000,0.00000000,0.50000000,0.00000000,0.00000000,0.50000000,0.00000000,0.00000000,0.00000000,RY-NEG,True,"GLD,SPY",0.06640088,0.06539525,0.14191569,0.00000000,0.00000000,0.01703492
2024-11-30,0.01419607,0.00000000,0.00000000,0.00000000,0.50000000,0.00000000,0.00000000,0.50000000,0.00000000,0.00000000,0.00000000,RY-POS,True,"SPY,GLD",0.06732646,0.06242263,0.15473032,0.00000000,0.00000000,0.01419607
2024-12-31,-0.01907426,0.00000000,0.00000000,0.00000000,0.50000000,0.00000000,0.00000000,0.50000000,0.00000000,0.00000000,0.00000000,RY-POS,True,"SPY,GLD",0.05923818,0.05873203,0.17103847,0.00000000,0.00000000,-0.01907426
2025-01-31,0.04735623,0.00000000,0.00000000,0.00000000,0.50000000,0.00000000,0.00000000,0.50000000,0.00000000,0.00000000,0.00000000,RY-POS,True,"GLD,SPY",0.07258921,0.07234823,0.18000000,0.00000000,0.00000000,0.04735623
2025-02-28,0.00276068,0.00000000,0.00000000,0.00000000,0.50000000,0.00000000,0.00000000,0.50000000,0.00000000,0.00000000,0.00000000,RY-POS,True,"GLD,SPY",0.07424685,0.07415886,0.18000000,0.00000000,0.00000000,0.00276068
2025-03-31,0.09346586,0.00000000,0.00000000,0.00000000,1.00000000,0.00000000,0.00000000,0.00000000,0.00000000,0.00000000,0.00000000,RY-NEG,True,GLD,0.11848728,0.07680615,0.18000000,0.00000000,1.00000000,0.09346586
2025-04-30,0.05424437,0.00000000,0.00000000,0.00000000,1.00000000,0.00000000,0.00000000,0.00000000,0.00000000,0.00000000,0.00000000,RY-NEG,True,GLD,0.12284013,0.09929031,0.18000000,0.00000000,0.00000000,0.05424437
2025-05-31,-0.00055958,0.00000000,0.00000000,0.00000000,1.00000000,0.00000000,0.00000000,0.00000000,0.00000000,0.00000000,0.00000000,RY-POS,True,GLD,0.12541239,0.09778756,0.18000000,0.00000000,0.00000000,-0.00055958
2025-06-30,0.02671877,0.00000000,0.00000000,0.00000000,0.50000000,0.00000000,0.00000000,0.50000000,0.00000000,0.00000000,0.00000000,RY-POS,True,"GLD,SPY",0.05890246,0.10203116,0.17946250,0.00000000,1.00000000,0.02671877
2025-07-31,0.00844848,0.00000000,0.00000000,0.00000000,0.50000000,0.00000000,0.00000000,0.50000000,0.00000000,0.00000000,0.00000000,RY-POS,True,"GLD,SPY",0.05922042,0.10150729,0.17906278,0.00000000,0.00000000,0.00844848
2025-08-31,0.03519709,0.00000000,0.00000000,0.00000000,0.50000000,0.00000000,0.00000000,0.50000000,0.00000000,0.00000000,0.00000000,RY-POS,True,"GLD,SPY",0.05899567,0.10296065,0.17829043,0.00000000,0.00000000,0.03519709
2025-09-30,0.07660226,0.00000000,0.00000000,0.00000000,0.50000000,0.00000000,0.00000000,0.50000000,0.00000000,0.00000000,0.00000000,RY-POS,True,"GLD,SPY",0.06112330,0.10336139,0.17742071,0.00000000,0.00000000,0.07660226
